Workbook

Sheet SOCIAL BATTERY
A1: id | B1: user_id | C1: date | D1: total_events | E1: total_duration_minutes | F1: social_intensity_score | G1: battery_score | H1: AI_Insight | I1: AI_Score_Explanation | J1: Recovery_Suggestion
A2: 1 | B2: hafizhan shidqi_1 | C2: 46023 | D2: 3 | E2: 918 | F2: =SUM(Sheet2!E2:H2) -> 39.8 | G2: =100-F2 -> 60.2 | H2: Fungsi Memberikan rangkuman kondisi social battery user berdasarkan aktivitas kalender dan hasil perhitungan sistem. Tujuan Supaya user tidak hanya melihat angka score, tapi juga mendapatkan interpretasi yang mudah dipahami. Contoh Hari ini kamu memiliki 5 aktivitas sosial dengan total durasi 420 menit. Aktivitas sosialmu cukup padat sehingga social battery berada pada level sedang. Input yang dipakai AI jumlah event total durasi jumlah attendee battery score status battery | I2: Fungsi Menjelaskan kenapa score social battery user bisa tinggi / sedang / rendah. Tujuan Meningkatkan transparansi sistem scoring supaya user paham faktor yang mempengaruhi hasil. Contoh Score 62 diperoleh karena user memiliki beberapa meeting berdurasi panjang dengan jumlah peserta yang cukup banyak. Yang dijelaskan faktor penurun score faktor peningkat score hubungan event dengan hasil score | J2: Fungsi Memberikan rekomendasi aktivitas recovery berdasarkan kondisi social battery user. Tujuan Membantu user menjaga energi sosial dan mengurangi social fatigue. Contoh Kalau score rendah: Coba kurangi aktivitas sosial tambahan malam ini dan ambil waktu istirahat tanpa notifikasi selama 30 menit. Kalau score tinggi: Energi sosialmu masih stabil. Tetap pertahankan jeda antar aktivitas agar tidak cepat lelah.
A3: 2 | B3: gandhi wibowo_2 | C3: 46023 | D3: 1 | E3: 960 | F3: =SUM(Sheet2!E3:H3) -> 42.5 | G3: =100-F3 -> 57.5
A4: 3 | B4: aldio mahendra purwandrarto_3 | C4: 46023 | D4: 2 | E4: 888 | F4: =SUM(Sheet2!E4:H4) -> 42.8 | G4: =100-F4 -> 57.2
A5: 4 | B5: benny putra_4 | C5: 46023 | D5: 6 | E5: 1008 | F5: =SUM(Sheet2!E5:H5) -> 45.8 | G5: =100-F5 -> 54.2
A6: 5 | B6: vicky vernando dasta_5 | C6: 46024 | D6: 1 | E6: 1050 | F6: =SUM(Sheet2!E6:H6) -> 39 | G6: =100-F6 -> 61
A7: 6 | B7: jufianto henri_6 | C7: 46024 | D7: 6 | E7: 960 | F7: =SUM(Sheet2!E7:H7) -> 40 | G7: =100-F7 -> 60
A8: 7 | B8: aan nuraini_7 | C8: 46024 | D8: 2 | E8: 1122 | F8: =SUM(Sheet2!E8:H8) -> 46.7 | G8: =100-F8 -> 53.3
A9: 8 | B9: abdur rahman_8 | C9: 46025 | D9: 2 | E9: 1104 | F9: =SUM(Sheet2!E9:H9) -> 51.4 | G9: =100-F9 -> 48.6
A10: 9 | B10: abdurrahman_9 | C10: 46025 | D10: 2 | E10: 1062 | F10: =SUM(Sheet2!E10:H10) -> 60.7 | G10: =100-F10 -> 39.3
A11: 10 | B11: ade indra sukma_10 | C11: 46025 | D11: 3 | E11: 852 | F11: =SUM(Sheet2!E11:H11) -> 33.7 | G11: =100-F11 -> 66.3
A12: 11 | B12: ade irmayani_11 | C12: 46026 | D12: 3 | E12: 960 | F12: =SUM(Sheet2!E12:H12) -> 50.5 | G12: =100-F12 -> 49.5
A13: 12 | B13: bakti yoga fiyandana_12 | C13: 46026 | D13: 1 | E13: 894 | F13: =SUM(Sheet2!E13:H13) -> 51.4 | G13: =100-F13 -> 48.6
A14: 13 | B14: daniel sepra fatama_13 | C14: 46026 | D14: 4 | E14: 1098 | F14: =SUM(Sheet2!E14:H14) -> 54.3 | G14: =100-F14 -> 45.7
... A8301: 8300 | B8301: dimas setiawan | C8301: 46387 | D8301: 7 | E8301: 717 | F8301: =SUM(Sheet2!E8301:H8301) -> 22.45 | G8301: =100-F8301 -> 77.55

Sheet calendar_event
A1: id | B1: user_id | C1: title | D1: duration_minutes | E1: kategori | F1: attendee_count | G1: Attendee_Score | H1: Long_Event_Penalty | I1: date
A2: 1 | B2: hafizhan shidqi | C2: bakti sosial | D2: 414 | E2: Organisasi & Sosial | F2: 8 | G2: =_xlfn.IFS(F2=0,0,F2=1,0,F2=2,0,F2=3,0,F2=4,0,F2=5,5,F2=6,5,F2=7,5,F2=8,5,F2=9,5,F2>=10,10) -> 5 | H2: =IF(Table1[[#This Row],[duration_minutes]]>=180,5,0) -> 5 | I2: 46023
A3: 2 | B3: gandhi wibowo | C3: membuat proposal | D3: 318 | E3: Produktivitas & Proyek | F3: 6 | G3: =_xlfn.IFS(F3=0,0,F3=1,0,F3=2,0,F3=3,0,F3=4,0,F3=5,5,F3=6,5,F3=7,5,F3=8,5,F3=9,5,F3>=10,10) -> 5 | H3: =IF(Table1[[#This Row],[duration_minutes]]>=180,5,0) -> 5 | I3: 46023
A4: 3 | B4: aldio mahendra purwandrarto | C4: meditasi | D4: 306 | E4: Ibadah & Pengembangan Diri | F4: 3 | G4: =_xlfn.IFS(F4=0,0,F4=1,0,F4=2,0,F4=3,0,F4=4,0,F4=5,5,F4=6,5,F4=7,5,F4=8,5,F4=9,5,F4>=10,10) -> 0 | H4: =IF(Table1[[#This Row],[duration_minutes]]>=180,5,0) -> 5 | I4: 46023
A5: 4 | B5: benny putra | C5: merangkum materi | D5: 390 | E5: Belajar & Akademik | F5: 3 | G5: =_xlfn.IFS(F5=0,0,F5=1,0,F5=2,0,F5=3,0,F5=4,0,F5=5,5,F5=6,5,F5=7,5,F5=8,5,F5=9,5,F5>=10,10) -> 0 | H5: =IF(Table1[[#This Row],[duration_minutes]]>=180,5,0) -> 5 | I5: 46023
A6: 5 | B6: vicky vernando dasta | C6: latihan paduan suara | D6: 486 | E6: Organisasi & Sosial | F6: 3 | G6: =_xlfn.IFS(F6=0,0,F6=1,0,F6=2,0,F6=3,0,F6=4,0,F6=5,5,F6=6,5,F6=7,5,F6=8,5,F6=9,5,F6>=10,10) -> 0 | H6: =IF(Table1[[#This Row],[duration_minutes]]>=180,5,0) -> 5 | I6: 46024
A7: 6 | B7: jufianto henri | C7: presentasi tugas | D7: 360 | E7: Perkuliahan & Sekolah | F7: 8 | G7: =_xlfn.IFS(F7=0,0,F7=1,0,F7=2,0,F7=3,0,F7=4,0,F7=5,5,F7=6,5,F7=7,5,F7=8,5,F7=9,5,F7>=10,10) -> 5 | H7: =IF(Table1[[#This Row],[duration_minutes]]>=180,5,0) -> 5 | I7: 46024
A8: 7 | B8: aan nuraini | C8: mengajar privat | D8: 480 | E8: Organisasi & Sosial | F8: 5 | G8: =_xlfn.IFS(F8=0,0,F8=1,0,F8=2,0,F8=3,0,F8=4,0,F8=5,5,F8=6,5,F8=7,5,F8=8,5,F8=9,5,F8>=10,10) -> 5 | H8: =IF(Table1[[#This Row],[duration_minutes]]>=180,5,0) -> 5 | I8: 46024
A9: 8 | B9: abdur rahman | C9: hiking | D9: 504 | E9: Olahraga & Kebugaran | F9: 7 | G9: =_xlfn.IFS(F9=0,0,F9=1,0,F9=2,0,F9=3,0,F9=4,0,F9=5,5,F9=6,5,F9=7,5,F9=8,5,F9=9,5,F9>=10,10) -> 5 | H9: =IF(Table1[[#This Row],[duration_minutes]]>=180,5,0) -> 5 | I9: 46025
A10: 9 | B10: abdurrahman | C10: seminar kampus | D10: 312 | E10: Perkuliahan & Sekolah | F10: 9 | G10: =_xlfn.IFS(F10=0,0,F10=1,0,F10=2,0,F10=3,0,F10=4,0,F10=5,5,F10=6,5,F10=7,5,F10=8,5,F10=9,5,F10>=10,10) -> 5 | H10: =IF(Table1[[#This Row],[duration_minutes]]>=180,5,0) -> 5 | I10: 46025
A11: 10 | B11: ade indra sukma | C11: kursus bahasa | D11: 462 | E11: Ibadah & Pengembangan Diri | F11: 4 | G11: =_xlfn.IFS(F11=0,0,F11=1,0,F11=2,0,F11=3,0,F11=4,0,F11=5,5,F11=6,5,F11=7,5,F11=8,5,F11=9,5,F11>=10,10) -> 0 | H11: =IF(Table1[[#This Row],[duration_minutes]]>=180,5,0) -> 5 | I11: 46025
A12: 11 | B12: ade irmayani | C12: hiking | D12: 582 | E12: Olahraga & Kebugaran | F12: 10 | G12: =_xlfn.IFS(F12=0,0,F12=1,0,F12=2,0,F12=3,0,F12=4,0,F12=5,5,F12=6,5,F12=7,5,F12=8,5,F12=9,5,F12>=10,10) -> 10 | H12: =IF(Table1[[#This Row],[duration_minutes]]>=180,5,0) -> 5 | I12: 46026
A13: 12 | B13: bakti yoga fiyandana | C13: jogging | D13: 414 | E13: Olahraga & Kebugaran | F13: 10 | G13: =_xlfn.IFS(F13=0,0,F13=1,0,F13=2,0,F13=3,0,F13=4,0,F13=5,5,F13=6,5,F13=7,5,F13=8,5,F13=9,5,F13>=10,10) -> 10 | H13: =IF(Table1[[#This Row],[duration_minutes]]>=180,5,0) -> 5 | I13: 46026
... A8001: 2000 | B8001: Denise Gina | C8001: kegiatan rohani kampus | D8001: 174 | E8001: Organisasi & Sosial | F8001: 8 | G8001: =_xlfn.IFS(F8001=0,0,F8001=1,0,F8001=2,0,F8001=3,0,F8001=4,0,F8001=5,5,F8001=6,5,F8001=7,5,F8001=8,5,F8001=9,5,F8001>=10,10) -> 5 | H8001: =IF(Table1[[#This Row],[duration_minutes]]>=180,5,0) -> 0 | I8001: 46387
A8002: 2001 | B8002: nisa rahmawati | C8002: Coding Website | D8002: 126 | E8002: Produktivitas & Proyek | F8002: 8 | G8002: =_xlfn.IFS(F8002=0,0,F8002=1,0,F8002=2,0,F8002=3,0,F8002=4,0,F8002=5,5,F8002=6,5,F8002=7,5,F8002=8,5,F8002=9,5,F8002>=10,10) -> 5 | H8002: =IF(Table1[[#This Row],[duration_minutes]]>=180,5,0) -> 0
A8003: 2002 | B8003: andi aminah | C8003: Membaca Buku | D8003: 130 | E8003: Belajar & Akademik | F8003: 39 | G8003: =_xlfn.IFS(F8003=0,0,F8003=1,0,F8003=2,0,F8003=3,0,F8003=4,0,F8003=5,5,F8003=6,5,F8003=7,5,F8003=8,5,F8003=9,5,F8003>=10,10) -> 10 | H8003: =IF(Table1[[#This Row],[duration_minutes]]>=180,5,0) -> 0
A8004: 2003 | B8004: rina saputra | C8004: Desain UI/UX | D8004: 198 | E8004: Produktivitas & Proyek | F8004: 7 | G8004: =_xlfn.IFS(F8004=0,0,F8004=1,0,F8004=2,0,F8004=3,0,F8004=4,0,F8004=5,5,F8004=6,5,F8004=7,5,F8004=8,5,F8004=9,5,F8004>=10,10) -> 5 | H8004: =IF(Table1[[#This Row],[duration_minutes]]>=180,5,0) -> 5
A8005: 2004 | B8005: agus ramadhan | C8005: Main Futsal | D8005: 84 | E8005: Olahraga & Kebugaran | F8005: 16 | G8005: =_xlfn.IFS(F8005=0,0,F8005=1,0,F8005=2,0,F8005=3,0,F8005=4,0,F8005=5,5,F8005=6,5,F8005=7,5,F8005=8,5,F8005=9,5,F8005>=10,10) -> 10 | H8005: =IF(Table1[[#This Row],[duration_minutes]]>=180,5,0) -> 0
A8006: 2005 | B8006: fajar pratama | C8006: Bersepeda Santai | D8006: 91 | E8006: Olahraga & Kebugaran | F8006: 7 | G8006: =_xlfn.IFS(F8006=0,0,F8006=1,0,F8006=2,0,F8006=3,0,F8006=4,0,F8006=5,5,F8006=6,5,F8006=7,5,F8006=8,5,F8006=9,5,F8006>=10,10) -> 5 | H8006: =IF(Table1[[#This Row],[duration_minutes]]>=180,5,0) -> 0
A8007: 2006 | B8007: agus hidayat | C8007: Latihan Soal Tryout | D8007: 85 | E8007: Belajar & Akademik | F8007: 39 | G8007: =_xlfn.IFS(F8007=0,0,F8007=1,0,F8007=2,0,F8007=3,0,F8007=4,0,F8007=5,5,F8007=6,5,F8007=7,5,F8007=8,5,F8007=9,5,F8007>=10,10) -> 10 | H8007: =IF(Table1[[#This Row],[duration_minutes]]>=180,5,0) -> 0
A8008: 2007 | B8008: siti aminah | C8008: Belajar UTBK | D8008: 162 | E8008: Belajar & Akademik | F8008: 12 | G8008: =_xlfn.IFS(F8008=0,0,F8008=1,0,F8008=2,0,F8008=3,0,F8008=4,0,F8008=5,5,F8008=6,5,F8008=7,5,F8008=8,5,F8008=9,5,F8008>=10,10) -> 10 | H8008: =IF(Table1[[#This Row],[duration_minutes]]>=180,5,0) -> 0
A8009: 2008 | B8009: andi ramadhan | C8009: Belajar UTBK | D8009: 107 | E8009: Belajar & Akademik | F8009: 44 | G8009: =_xlfn.IFS(F8009=0,0,F8009=1,0,F8009=2,0,F8009=3,0,F8009=4,0,F8009=5,5,F8009=6,5,F8009=7,5,F8009=8,5,F8009=9,5,F8009>=10,10) -> 10 | H8009: =IF(Table1[[#This Row],[duration_minutes]]>=180,5,0) -> 0
A8010: 2009 | B8010: rizky hidayat | C8010: Jogging Pagi | D8010: 86 | E8010: Olahraga & Kebugaran | F8010: 16 | G8010: =_xlfn.IFS(F8010=0,0,F8010=1,0,F8010=2,0,F8010=3,0,F8010=4,0,F8010=5,5,F8010=6,5,F8010=7,5,F8010=8,5,F8010=9,5,F8010>=10,10) -> 10 | H8010: =IF(Table1[[#This Row],[duration_minutes]]>=180,5,0) -> 0
A8011: 2010 | B8011: budi saputra | C8011: Galang Dana | D8011: 383 | E8011: Organisasi & Sosial | F8011: 50 | G8011: =_xlfn.IFS(F8011=0,0,F8011=1,0,F8011=2,0,F8011=3,0,F8011=4,0,F8011=5,5,F8011=6,5,F8011=7,5,F8011=8,5,F8011=9,5,F8011>=10,10) -> 10 | H8011: =IF(Table1[[#This Row],[duration_minutes]]>=180,5,0) -> 5
A8012: 2011 | B8012: budi sari | C8012: Diskusi Program Kerja | D8012: 185 | E8012: Organisasi & Sosial | F8012: 89 | G8012: =_xlfn.IFS(F8012=0,0,F8012=1,0,F8012=2,0,F8012=3,0,F8012=4,0,F8012=5,5,F8012=6,5,F8012=7,5,F8012=8,5,F8012=9,5,F8012>=10,10) -> 10 | H8012: =IF(Table1[[#This Row],[duration_minutes]]>=180,5,0) -> 5
A8013: 2012 | B8013: hafizhan sari | C8013: Rapat Pengurus | D8013: 424 | E8013: Organisasi & Sosial | F8013: 24 | G8013: =_xlfn.IFS(F8013=0,0,F8013=1,0,F8013=2,0,F8013=3,0,F8013=4,0,F8013=5,5,F8013=6,5,F8013=7,5,F8013=8,5,F8013=9,5,F8013>=10,10) -> 10 | H8013: =IF(Table1[[#This Row],[duration_minutes]]>=180,5,0) -> 5
... A14301: 8300 | B14301: dimas setiawan | C14301: Rapat Kerja Wilayah | D14301: 817 | E14301: Organisasi & Sosial | F14301: 15 | G14301: =_xlfn.IFS(F14301=0,0,F14301=1,0,F14301=2,0,F14301=3,0,F14301=4,0,F14301=5,5,F14301=6,5,F14301=7,5,F14301=8,5,F14301=9,5,F14301>=10,10) -> 10 | H14301: =IF(Table1[[#This Row],[duration_minutes]]>=180,5,0) -> 5

Sheet Sheet2
A1: id | B1: user_id | C1: start_time | D1: end_time | E1: event_score | F1: Duration_Score | G1: Attendee_Score_All | H1: Long_Event_Penalty_All
A2: 1 | B2: hafizhan shidqi_1 | C2: 2026-04-12 00:00:00.000 | D2: 2026-04-13 00:00:00.000 | E2: ='SOCIAL BATTERY'!D2* 1.5 -> 4.5 | F2: =('SOCIAL BATTERY'!E2/60)*1 -> 15.3 | G2: 10 | H2: 10
A3: 2 | B3: gandhi wibowo_2 | C3: 2026-04-12 17:30:00.000 | D3: 2026-04-12 18:30:00.000 | E3: ='SOCIAL BATTERY'!D3* 1.5 -> 1.5 | F3: =('SOCIAL BATTERY'!E3/60)*1 -> 16 | G3: 5 | H3: 20
A4: 3 | B4: aldio mahendra purwandrarto_3 | E4: ='SOCIAL BATTERY'!D4* 1.5 -> 3 | F4: =('SOCIAL BATTERY'!E4/60)*1 -> 14.8 | G4: 10 | H4: 15
A5: 4 | B5: benny putra_4 | E5: ='SOCIAL BATTERY'!D5* 1.5 -> 9 | F5: =('SOCIAL BATTERY'!E5/60)*1 -> 16.8 | G5: 10 | H5: 10
A6: 5 | B6: vicky vernando dasta_5 | E6: ='SOCIAL BATTERY'!D6* 1.5 -> 1.5 | F6: =('SOCIAL BATTERY'!E6/60)*1 -> 17.5 | G6: 10 | H6: 10
A7: 6 | B7: jufianto henri_6 | E7: ='SOCIAL BATTERY'!D7* 1.5 -> 9 | F7: =('SOCIAL BATTERY'!E7/60)*1 -> 16 | G7: 5 | H7: 10
A8: 7 | B8: aan nuraini_7 | E8: ='SOCIAL BATTERY'!D8* 1.5 -> 3 | F8: =('SOCIAL BATTERY'!E8/60)*1 -> 18.7 | G8: 10 | H8: 15
A9: 8 | B9: abdur rahman_8 | E9: ='SOCIAL BATTERY'!D9* 1.5 -> 3 | F9: =('SOCIAL BATTERY'!E9/60)*1 -> 18.4 | G9: 15 | H9: 15
A10: 9 | B10: abdurrahman_9 | E10: ='SOCIAL BATTERY'!D10* 1.5 -> 3 | F10: =('SOCIAL BATTERY'!E10/60)*1 -> 17.7 | G10: 20 | H10: 20
A11: 10 | B11: ade indra sukma_10 | E11: ='SOCIAL BATTERY'!D11* 1.5 -> 4.5 | F11: =('SOCIAL BATTERY'!E11/60)*1 -> 14.2 | G11: 5 | H11: 10
A12: 11 | B12: ade irmayani_11 | E12: ='SOCIAL BATTERY'!D12* 1.5 -> 4.5 | F12: =('SOCIAL BATTERY'!E12/60)*1 -> 16 | G12: 20 | H12: 10
A13: 12 | B13: bakti yoga fiyandana_12 | E13: ='SOCIAL BATTERY'!D13* 1.5 -> 1.5 | F13: =('SOCIAL BATTERY'!E13/60)*1 -> 14.9 | G13: 25 | H13: 10
A14: 13 | B14: daniel sepra fatama_13 | E14: ='SOCIAL BATTERY'!D14* 1.5 -> 6 | F14: =('SOCIAL BATTERY'!E14/60)*1 -> 18.3 | G14: 15 | H14: 15
A15: 14 | B15: dayu m sandro_14 | E15: ='SOCIAL BATTERY'!D15* 1.5 -> 4.5 | F15: =('SOCIAL BATTERY'!E15/60)*1 -> 15.5 | G15: 10 | H15: 15
... A8301: 8300 | B8301: dimas setiawan | E8301: ='SOCIAL BATTERY'!D8301* 1.5 -> 10.5 | F8301: =('SOCIAL BATTERY'!E8301/60)*1 -> 11.95 | G8301: 0 | H8301: 0

Sheet Sheet6
A3: Row Labels | B3: Sum of Long_Event_Penalty
A4: 1 | B4: 10
A5: 2 | B5: 20
A6: 3 | B6: 15
A7: 4 | B7: 10
A8: 5 | B8: 10
A9: 6 | B9: 10
A10: 7 | B10: 15
A11: 8 | B11: 15
A12: 9 | B12: 20
A13: 10 | B13: 10
A14: 11 | B14: 10
A15: 12 | B15: 10
... A2003: 2000 | B2003: 10
A2004: Grand Total | B2004: 23695
